year,month,location,wholesale_price,retail_price
2017,1,Galenbidunuwewa,,
2017,1,Keppetipola,,
2017,1,Puttalam,,
2017,1,Thabuththegama,,
2017,1,Embilipitiya,,
2017,1,Kandy,,
2017,1,Kaluthara,,
2017,1,Matara,,
2017,1,Vavuniya,,
2017,1,Anuradapuraya,,
2017,1,Gampaha,,
2017,1,Thissamaharama,,
2017,1,Rathnapura,,
2017,1,Kegalle,,
2017,1,Monaragala,,
2017,1,Badulla,,
2017,1,Meegoda,,
2017,1,Nikaweratiya,,
2017,1,Nuwara Eliya,,
2017,1,Galle,,
2017,1,Bandarawela,,
2017,1,Dabulla,,
2017,1,Mullathivu,,
2017,1,Polonnaruwa,,
2017,1,Jaffna,,
2017,1,Veyangoda,,
2017,1,Colombo,,
2017,1,Hanguranketha,,
2017,1,Mannar,,
2017,1,Kurunegala,,
2017,1,Matale,,
2017,1,Ampara,,
2017,1,Hambanthota,,
2017,1,Kilinochchi,,
2017,1,Batticaloa,,
2017,1,Dehiattakandiya,,
2017,1,Trinco,,
2017,2,Galenbidunuwewa,,
2017,2,Keppetipola,,
2017,2,Puttalam,,
2017,2,Thabuththegama,,
2017,2,Embilipitiya,,
2017,2,Kandy,,
2017,2,Kaluthara,,
2017,2,Matara,,
2017,2,Vavuniya,,
2017,2,Anuradapuraya,,
2017,2,Gampaha,,
2017,2,Thissamaharama,,
2017,2,Rathnapura,,
2017,2,Kegalle,,
2017,2,Monaragala,,
2017,2,Badulla,,
2017,2,Meegoda,,
2017,2,Nikaweratiya,,
2017,2,Nuwara Eliya,,
2017,2,Galle,,
2017,2,Bandarawela,,
2017,2,Dabulla,,
2017,2,Mullathivu,,
2017,2,Polonnaruwa,,
2017,2,Jaffna,,
2017,2,Veyangoda,,
2017,2,Colombo,,
2017,2,Hanguranketha,,
2017,2,Mannar,,
2017,2,Kurunegala,,
2017,2,Matale,,
2017,2,Ampara,,
2017,2,Hambanthota,,
2017,2,Kilinochchi,,
2017,2,Batticaloa,,
2017,2,Dehiattakandiya,,
2017,2,Trinco,,
2017,3,Galenbidunuwewa,,
2017,3,Keppetipola,,
2017,3,Puttalam,,
2017,3,Thabuththegama,,
2017,3,Embilipitiya,,
2017,3,Kandy,,
2017,3,Kaluthara,,
2017,3,Matara,,
2017,3,Vavuniya,,
2017,3,Anuradapuraya,,
2017,3,Gampaha,,
2017,3,Thissamaharama,,
2017,3,Rathnapura,,
2017,3,Kegalle,,
2017,3,Monaragala,,
2017,3,Badulla,,
2017,3,Meegoda,,
2017,3,Nikaweratiya,,
2017,3,Nuwara Eliya,,
2017,3,Galle,,
2017,3,Bandarawela,,
2017,3,Dabulla,,
2017,3,Mullathivu,,
2017,3,Polonnaruwa,,
2017,3,Jaffna,,
2017,3,Veyangoda,,
2017,3,Colombo,,
2017,3,Hanguranketha,,
2017,3,Mannar,,
2017,3,Kurunegala,,
2017,3,Matale,,
2017,3,Ampara,,
2017,3,Hambanthota,,
2017,3,Kilinochchi,,
2017,3,Batticaloa,,
2017,3,Dehiattakandiya,,
2017,3,Trinco,,
2017,4,Galenbidunuwewa,,
2017,4,Keppetipola,,
2017,4,Puttalam,,
2017,4,Thabuththegama,,
2017,4,Embilipitiya,,
2017,4,Kandy,,
2017,4,Kaluthara,,
2017,4,Matara,,
2017,4,Vavuniya,,
2017,4,Anuradapuraya,,
2017,4,Gampaha,,
2017,4,Thissamaharama,,
2017,4,Rathnapura,,
2017,4,Kegalle,,
2017,4,Monaragala,,
2017,4,Badulla,,
2017,4,Meegoda,,
2017,4,Nikaweratiya,,
2017,4,Nuwara Eliya,,
2017,4,Galle,,
2017,4,Bandarawela,,
2017,4,Dabulla,,
2017,4,Mullathivu,,
2017,4,Polonnaruwa,,
2017,4,Jaffna,,
2017,4,Veyangoda,,
2017,4,Colombo,,
2017,4,Hanguranketha,,
2017,4,Mannar,,
2017,4,Kurunegala,,
2017,4,Matale,,
2017,4,Ampara,,
2017,4,Hambanthota,,
2017,4,Kilinochchi,,
2017,4,Batticaloa,,
2017,4,Dehiattakandiya,,
2017,4,Trinco,,
2017,5,Galenbidunuwewa,,
2017,5,Keppetipola,,
2017,5,Puttalam,,
2017,5,Thabuththegama,,
2017,5,Embilipitiya,,
2017,5,Kandy,,
2017,5,Kaluthara,,
2017,5,Matara,,
2017,5,Vavuniya,,
2017,5,Anuradapuraya,,
2017,5,Gampaha,,
2017,5,Thissamaharama,,
2017,5,Rathnapura,,
2017,5,Kegalle,,
2017,5,Monaragala,,
2017,5,Badulla,,
2017,5,Meegoda,,
2017,5,Nikaweratiya,,
2017,5,Nuwara Eliya,,
2017,5,Galle,,
2017,5,Bandarawela,,
2017,5,Dabulla,,
2017,5,Mullathivu,,
2017,5,Polonnaruwa,,
2017,5,Jaffna,,
2017,5,Veyangoda,,
2017,5,Colombo,,
2017,5,Hanguranketha,,
2017,5,Mannar,,
2017,5,Kurunegala,,
2017,5,Matale,,
2017,5,Ampara,,
2017,5,Hambanthota,,
2017,5,Kilinochchi,,
2017,5,Batticaloa,,
2017,5,Dehiattakandiya,,
2017,5,Trinco,,
2017,6,Galenbidunuwewa,,
2017,6,Keppetipola,,
2017,6,Puttalam,,
2017,6,Thabuththegama,,
2017,6,Embilipitiya,,
2017,6,Kandy,,
2017,6,Kaluthara,,
2017,6,Matara,,
2017,6,Vavuniya,,
2017,6,Anuradapuraya,,
2017,6,Gampaha,,
2017,6,Thissamaharama,,
2017,6,Rathnapura,,
2017,6,Kegalle,,
2017,6,Monaragala,,
2017,6,Badulla,,
2017,6,Meegoda,,
2017,6,Nikaweratiya,,
2017,6,Nuwara Eliya,,
2017,6,Galle,,
2017,6,Bandarawela,,
2017,6,Dabulla,,
2017,6,Mullathivu,,
2017,6,Polonnaruwa,,
2017,6,Jaffna,,
2017,6,Veyangoda,,
2017,6,Colombo,,
2017,6,Hanguranketha,,
2017,6,Mannar,,
2017,6,Kurunegala,,
2017,6,Matale,,
2017,6,Ampara,,
2017,6,Hambanthota,,
2017,6,Kilinochchi,,
2017,6,Batticaloa,,
2017,6,Dehiattakandiya,,
2017,6,Trinco,,
2017,7,Galenbidunuwewa,,
2017,7,Keppetipola,,
2017,7,Puttalam,,
2017,7,Thabuththegama,,
2017,7,Embilipitiya,,
2017,7,Kandy,,
2017,7,Kaluthara,,
2017,7,Matara,,
2017,7,Vavuniya,,
2017,7,Anuradapuraya,,
2017,7,Gampaha,,
2017,7,Thissamaharama,,
2017,7,Rathnapura,,
2017,7,Kegalle,,
2017,7,Monaragala,,
2017,7,Badulla,,
2017,7,Meegoda,,
2017,7,Nikaweratiya,,
2017,7,Nuwara Eliya,,
2017,7,Galle,,
2017,7,Bandarawela,,
2017,7,Dabulla,,
2017,7,Mullathivu,,
2017,7,Polonnaruwa,,
2017,7,Jaffna,,
2017,7,Veyangoda,,
2017,7,Colombo,,
2017,7,Hanguranketha,,
2017,7,Mannar,,
2017,7,Kurunegala,,
2017,7,Matale,,
2017,7,Ampara,,
2017,7,Hambanthota,,
2017,7,Kilinochchi,,
2017,7,Batticaloa,,
2017,7,Dehiattakandiya,,
2017,7,Trinco,,
2017,8,Galenbidunuwewa,,
2017,8,Keppetipola,,
2017,8,Puttalam,,
2017,8,Thabuththegama,,
2017,8,Embilipitiya,,
2017,8,Kandy,,
2017,8,Kaluthara,,
2017,8,Matara,,
2017,8,Vavuniya,,
2017,8,Anuradapuraya,,
2017,8,Gampaha,,
2017,8,Thissamaharama,,
2017,8,Rathnapura,,
2017,8,Kegalle,,
2017,8,Monaragala,,
2017,8,Badulla,,
2017,8,Meegoda,,
2017,8,Nikaweratiya,,
2017,8,Nuwara Eliya,,
2017,8,Galle,,
2017,8,Bandarawela,,
2017,8,Dabulla,,
2017,8,Mullathivu,,
2017,8,Polonnaruwa,,
2017,8,Jaffna,,
2017,8,Veyangoda,,
2017,8,Colombo,,
2017,8,Hanguranketha,,
2017,8,Mannar,,
2017,8,Kurunegala,,
2017,8,Matale,,
2017,8,Ampara,,
2017,8,Hambanthota,,
2017,8,Kilinochchi,,
2017,8,Batticaloa,,
2017,8,Dehiattakandiya,,
2017,8,Trinco,,
2017,9,Galenbidunuwewa,,
2017,9,Keppetipola,,
2017,9,Puttalam,,
2017,9,Thabuththegama,,
2017,9,Embilipitiya,,
2017,9,Kandy,,
2017,9,Kaluthara,,
2017,9,Matara,,
2017,9,Vavuniya,,
2017,9,Anuradapuraya,,
2017,9,Gampaha,,
2017,9,Thissamaharama,,
2017,9,Rathnapura,,
2017,9,Kegalle,,
2017,9,Monaragala,,
2017,9,Badulla,,
2017,9,Meegoda,,
2017,9,Nikaweratiya,,
2017,9,Nuwara Eliya,,
2017,9,Galle,,
2017,9,Bandarawela,,
2017,9,Dabulla,,
2017,9,Mullathivu,,
2017,9,Polonnaruwa,,
2017,9,Jaffna,,
2017,9,Veyangoda,,
2017,9,Colombo,,
2017,9,Hanguranketha,,
2017,9,Mannar,,
2017,9,Kurunegala,,
2017,9,Matale,,
2017,9,Ampara,,
2017,9,Hambanthota,,
2017,9,Kilinochchi,,
2017,9,Batticaloa,,
2017,9,Dehiattakandiya,,
2017,9,Trinco,,
2017,10,Galenbidunuwewa,,
2017,10,Keppetipola,,
2017,10,Puttalam,,
2017,10,Thabuththegama,,
2017,10,Embilipitiya,,
2017,10,Kandy,,
2017,10,Kaluthara,,
2017,10,Matara,,
2017,10,Vavuniya,,
2017,10,Anuradapuraya,,
2017,10,Gampaha,,
2017,10,Thissamaharama,,
2017,10,Rathnapura,,
2017,10,Kegalle,,
2017,10,Monaragala,,
2017,10,Badulla,,
2017,10,Meegoda,,
2017,10,Nikaweratiya,,
2017,10,Nuwara Eliya,,
2017,10,Galle,,
2017,10,Bandarawela,,
2017,10,Dabulla,,
2017,10,Mullathivu,,
2017,10,Polonnaruwa,,
2017,10,Jaffna,,
2017,10,Veyangoda,,
2017,10,Colombo,,
2017,10,Hanguranketha,,
2017,10,Mannar,,
2017,10,Kurunegala,,
2017,10,Matale,,
2017,10,Ampara,,
2017,10,Hambanthota,,
2017,10,Kilinochchi,,
2017,10,Batticaloa,,
2017,10,Dehiattakandiya,,
2017,10,Trinco,,
2017,11,Galenbidunuwewa,,
2017,11,Keppetipola,,
2017,11,Puttalam,,
2017,11,Thabuththegama,,
2017,11,Embilipitiya,,
2017,11,Kandy,,
2017,11,Kaluthara,,
2017,11,Matara,,
2017,11,Vavuniya,,
2017,11,Anuradapuraya,,
2017,11,Gampaha,,
2017,11,Thissamaharama,,
2017,11,Rathnapura,,
2017,11,Kegalle,,
2017,11,Monaragala,,
2017,11,Badulla,,
2017,11,Meegoda,,
2017,11,Nikaweratiya,,
2017,11,Nuwara Eliya,,
2017,11,Galle,,
2017,11,Bandarawela,,
2017,11,Dabulla,,
2017,11,Mullathivu,,
2017,11,Polonnaruwa,,
2017,11,Jaffna,,
2017,11,Veyangoda,,
2017,11,Colombo,,
2017,11,Hanguranketha,,
2017,11,Mannar,,
2017,11,Kurunegala,,
2017,11,Matale,,
2017,11,Ampara,,
2017,11,Hambanthota,,
2017,11,Kilinochchi,,
2017,11,Batticaloa,,
2017,11,Dehiattakandiya,,
2017,11,Trinco,,
2017,12,Galenbidunuwewa,,
2017,12,Keppetipola,,
2017,12,Puttalam,,
2017,12,Thabuththegama,,
2017,12,Embilipitiya,,
2017,12,Kandy,,
2017,12,Kaluthara,,
2017,12,Matara,,
2017,12,Vavuniya,,
2017,12,Anuradapuraya,,
2017,12,Gampaha,,
2017,12,Thissamaharama,,
2017,12,Rathnapura,,
2017,12,Kegalle,,
2017,12,Monaragala,,
2017,12,Badulla,,
2017,12,Meegoda,,
2017,12,Nikaweratiya,,
2017,12,Nuwara Eliya,,
2017,12,Galle,,
2017,12,Bandarawela,,
2017,12,Dabulla,,
2017,12,Mullathivu,,
2017,12,Polonnaruwa,,
2017,12,Jaffna,,
2017,12,Veyangoda,,
2017,12,Colombo,,
2017,12,Hanguranketha,,
2017,12,Mannar,,
2017,12,Kurunegala,,
2017,12,Matale,,
2017,12,Ampara,,
2017,12,Hambanthota,,
2017,12,Kilinochchi,,
2017,12,Batticaloa,,
2017,12,Dehiattakandiya,,
2017,12,Trinco,,
2018,1,Galenbidunuwewa,,
2018,1,Keppetipola,,
2018,1,Puttalam,,
2018,1,Thabuththegama,,
2018,1,Embilipitiya,,
2018,1,Kandy,,
2018,1,Kaluthara,,
2018,1,Matara,,
2018,1,Vavuniya,,
2018,1,Anuradapuraya,,
2018,1,Gampaha,,
2018,1,Thissamaharama,,
2018,1,Rathnapura,,
2018,1,Kegalle,,
2018,1,Monaragala,,
2018,1,Badulla,,
2018,1,Meegoda,,
2018,1,Nikaweratiya,,
2018,1,Nuwara Eliya,,
2018,1,Galle,,
2018,1,Bandarawela,,
2018,1,Dabulla,,
2018,1,Mullathivu,,
2018,1,Polonnaruwa,,
2018,1,Jaffna,,
2018,1,Veyangoda,,
2018,1,Colombo,,
2018,1,Hanguranketha,,
2018,1,Mannar,,
2018,1,Kurunegala,,
2018,1,Matale,,
2018,1,Ampara,,
2018,1,Hambanthota,,
2018,1,Kilinochchi,,
2018,1,Batticaloa,,
2018,1,Dehiattakandiya,,
2018,1,Trinco,,
2018,2,Galenbidunuwewa,,
2018,2,Keppetipola,,
2018,2,Puttalam,,
2018,2,Thabuththegama,,
2018,2,Embilipitiya,,
2018,2,Kandy,,
2018,2,Kaluthara,,
2018,2,Matara,,
2018,2,Vavuniya,,
2018,2,Anuradapuraya,,
2018,2,Gampaha,,
2018,2,Thissamaharama,,
2018,2,Rathnapura,,
2018,2,Kegalle,,
2018,2,Monaragala,,
2018,2,Badulla,,
2018,2,Meegoda,,
2018,2,Nikaweratiya,,
2018,2,Nuwara Eliya,,
2018,2,Galle,,
2018,2,Bandarawela,,
2018,2,Dabulla,,
2018,2,Mullathivu,,
2018,2,Polonnaruwa,,
2018,2,Jaffna,,
2018,2,Veyangoda,,
2018,2,Colombo,,
2018,2,Hanguranketha,,
2018,2,Mannar,,
2018,2,Kurunegala,,
2018,2,Matale,,
2018,2,Ampara,,
2018,2,Hambanthota,,
2018,2,Kilinochchi,,
2018,2,Batticaloa,,
2018,2,Dehiattakandiya,,
2018,2,Trinco,,
2018,3,Galenbidunuwewa,,
2018,3,Keppetipola,,
2018,3,Puttalam,,
2018,3,Thabuththegama,,
2018,3,Embilipitiya,,
2018,3,Kandy,,
2018,3,Kaluthara,,
2018,3,Matara,,
2018,3,Vavuniya,,
2018,3,Anuradapuraya,,
2018,3,Gampaha,,
2018,3,Thissamaharama,,
2018,3,Rathnapura,,
2018,3,Kegalle,,
2018,3,Monaragala,,
2018,3,Badulla,,
2018,3,Meegoda,,
2018,3,Nikaweratiya,,
2018,3,Nuwara Eliya,,
2018,3,Galle,,
2018,3,Bandarawela,,
2018,3,Dabulla,,
2018,3,Mullathivu,,
2018,3,Polonnaruwa,,
2018,3,Jaffna,,
2018,3,Veyangoda,,
2018,3,Colombo,,
2018,3,Hanguranketha,,
2018,3,Mannar,,
2018,3,Kurunegala,,
2018,3,Matale,,
2018,3,Ampara,,
2018,3,Hambanthota,,
2018,3,Kilinochchi,,
2018,3,Batticaloa,,
2018,3,Dehiattakandiya,,
2018,3,Trinco,,
2018,4,Galenbidunuwewa,,
2018,4,Keppetipola,,
2018,4,Puttalam,,
2018,4,Thabuththegama,,
2018,4,Embilipitiya,,
2018,4,Kandy,,
2018,4,Kaluthara,,
2018,4,Matara,,
2018,4,Vavuniya,,
2018,4,Anuradapuraya,,
2018,4,Gampaha,,
2018,4,Thissamaharama,,
2018,4,Rathnapura,,
2018,4,Kegalle,,
2018,4,Monaragala,,
2018,4,Badulla,,
2018,4,Meegoda,,
2018,4,Nikaweratiya,,
2018,4,Nuwara Eliya,,
2018,4,Galle,,
2018,4,Bandarawela,,
2018,4,Dabulla,,
2018,4,Mullathivu,,
2018,4,Polonnaruwa,,
2018,4,Jaffna,,
2018,4,Veyangoda,,
2018,4,Colombo,,
2018,4,Hanguranketha,,
2018,4,Mannar,,
2018,4,Kurunegala,,
2018,4,Matale,,
2018,4,Ampara,,
2018,4,Hambanthota,,
2018,4,Kilinochchi,,
2018,4,Batticaloa,,
2018,4,Dehiattakandiya,,
2018,4,Trinco,,
2018,5,Galenbidunuwewa,,
2018,5,Keppetipola,,
2018,5,Puttalam,,
2018,5,Thabuththegama,,
2018,5,Embilipitiya,,
2018,5,Kandy,,
2018,5,Kaluthara,,
2018,5,Matara,,
2018,5,Vavuniya,,
2018,5,Anuradapuraya,,
2018,5,Gampaha,,
2018,5,Thissamaharama,,
2018,5,Rathnapura,,
2018,5,Kegalle,,
2018,5,Monaragala,,
2018,5,Badulla,,
2018,5,Meegoda,,
2018,5,Nikaweratiya,,
2018,5,Nuwara Eliya,,
2018,5,Galle,,
2018,5,Bandarawela,,
2018,5,Dabulla,,
2018,5,Mullathivu,,
2018,5,Polonnaruwa,,
2018,5,Jaffna,,
2018,5,Veyangoda,,
2018,5,Colombo,,
2018,5,Hanguranketha,,
2018,5,Mannar,,
2018,5,Kurunegala,,
2018,5,Matale,,
2018,5,Ampara,,
2018,5,Hambanthota,,
2018,5,Kilinochchi,,
2018,5,Batticaloa,,
2018,5,Dehiattakandiya,,
2018,5,Trinco,,
2018,6,Galenbidunuwewa,,
2018,6,Keppetipola,,
2018,6,Puttalam,,
2018,6,Thabuththegama,,
2018,6,Embilipitiya,,
2018,6,Kandy,,
2018,6,Kaluthara,,
2018,6,Matara,,
2018,6,Vavuniya,,
2018,6,Anuradapuraya,,
2018,6,Gampaha,,
2018,6,Thissamaharama,,
2018,6,Rathnapura,,
2018,6,Kegalle,,
2018,6,Monaragala,,
2018,6,Badulla,,
2018,6,Meegoda,,
2018,6,Nikaweratiya,,
2018,6,Nuwara Eliya,,
2018,6,Galle,,
2018,6,Bandarawela,,
2018,6,Dabulla,,
2018,6,Mullathivu,,
2018,6,Polonnaruwa,,
2018,6,Jaffna,,
2018,6,Veyangoda,,
2018,6,Colombo,,
2018,6,Hanguranketha,,
2018,6,Mannar,,
2018,6,Kurunegala,,
2018,6,Matale,,
2018,6,Ampara,,
2018,6,Hambanthota,,
2018,6,Kilinochchi,,
2018,6,Batticaloa,,
2018,6,Dehiattakandiya,,
2018,6,Trinco,,
2018,7,Galenbidunuwewa,,
2018,7,Keppetipola,,
2018,7,Puttalam,,
2018,7,Thabuththegama,,
2018,7,Embilipitiya,,
2018,7,Kandy,,
2018,7,Kaluthara,,
2018,7,Matara,,
2018,7,Vavuniya,,
2018,7,Anuradapuraya,,
2018,7,Gampaha,,
2018,7,Thissamaharama,,
2018,7,Rathnapura,,
2018,7,Kegalle,,
2018,7,Monaragala,,
2018,7,Badulla,,
2018,7,Meegoda,,
2018,7,Nikaweratiya,,
2018,7,Nuwara Eliya,,
2018,7,Galle,,
2018,7,Bandarawela,,
2018,7,Dabulla,,
2018,7,Mullathivu,,
2018,7,Polonnaruwa,,
2018,7,Jaffna,,
2018,7,Veyangoda,,
2018,7,Colombo,,
2018,7,Hanguranketha,,
2018,7,Mannar,,
2018,7,Kurunegala,,
2018,7,Matale,,
2018,7,Ampara,,
2018,7,Hambanthota,,
2018,7,Kilinochchi,,
2018,7,Batticaloa,,
2018,7,Dehiattakandiya,,
2018,7,Trinco,,
2018,8,Galenbidunuwewa,,
2018,8,Keppetipola,,
2018,8,Puttalam,,
2018,8,Thabuththegama,,
2018,8,Embilipitiya,,
2018,8,Kandy,,
2018,8,Kaluthara,,
2018,8,Matara,,
2018,8,Vavuniya,,
2018,8,Anuradapuraya,,
2018,8,Gampaha,,
2018,8,Thissamaharama,,
2018,8,Rathnapura,,
2018,8,Kegalle,,
2018,8,Monaragala,,
2018,8,Badulla,,
2018,8,Meegoda,,
2018,8,Nikaweratiya,,
2018,8,Nuwara Eliya,,
2018,8,Galle,,
2018,8,Bandarawela,,
2018,8,Dabulla,,
2018,8,Mullathivu,,
2018,8,Polonnaruwa,,
2018,8,Jaffna,,
2018,8,Veyangoda,,
2018,8,Colombo,,
2018,8,Hanguranketha,,
2018,8,Mannar,,
2018,8,Kurunegala,,
2018,8,Matale,,
2018,8,Ampara,,
2018,8,Hambanthota,,
2018,8,Kilinochchi,,
2018,8,Batticaloa,,
2018,8,Dehiattakandiya,,
2018,8,Trinco,,
2018,9,Galenbidunuwewa,,
2018,9,Keppetipola,,
2018,9,Puttalam,,
2018,9,Thabuththegama,,
2018,9,Embilipitiya,,
2018,9,Kandy,,
2018,9,Kaluthara,,
2018,9,Matara,,
2018,9,Vavuniya,,
2018,9,Anuradapuraya,,
2018,9,Gampaha,,
2018,9,Thissamaharama,,
2018,9,Rathnapura,,
2018,9,Kegalle,,
2018,9,Monaragala,,
2018,9,Badulla,,
2018,9,Meegoda,,
2018,9,Nikaweratiya,,
2018,9,Nuwara Eliya,,
2018,9,Galle,,
2018,9,Bandarawela,,
2018,9,Dabulla,,
2018,9,Mullathivu,,
2018,9,Polonnaruwa,,
2018,9,Jaffna,,
2018,9,Veyangoda,,
2018,9,Colombo,,
2018,9,Hanguranketha,,
2018,9,Mannar,,
2018,9,Kurunegala,,
2018,9,Matale,,
2018,9,Ampara,,
2018,9,Hambanthota,,
2018,9,Kilinochchi,,
2018,9,Batticaloa,,
2018,9,Dehiattakandiya,,
2018,9,Trinco,,
2018,10,Galenbidunuwewa,,
2018,10,Keppetipola,,
2018,10,Puttalam,,
2018,10,Thabuththegama,,
2018,10,Embilipitiya,,
2018,10,Kandy,,
2018,10,Kaluthara,,
2018,10,Matara,,
2018,10,Vavuniya,,
2018,10,Anuradapuraya,,
2018,10,Gampaha,,
2018,10,Thissamaharama,,
2018,10,Rathnapura,,
2018,10,Kegalle,,
2018,10,Monaragala,,
2018,10,Badulla,,
2018,10,Meegoda,,
2018,10,Nikaweratiya,,
2018,10,Nuwara Eliya,,
2018,10,Galle,,
2018,10,Bandarawela,,
2018,10,Dabulla,,
2018,10,Mullathivu,,
2018,10,Polonnaruwa,,
2018,10,Jaffna,,
2018,10,Veyangoda,,
2018,10,Colombo,,
2018,10,Hanguranketha,,
2018,10,Mannar,,
2018,10,Kurunegala,,
2018,10,Matale,,
2018,10,Ampara,,
2018,10,Hambanthota,,
2018,10,Kilinochchi,,
2018,10,Batticaloa,,
2018,10,Dehiattakandiya,,
2018,10,Trinco,,
2018,11,Galenbidunuwewa,,
2018,11,Keppetipola,,
2018,11,Puttalam,,
2018,11,Thabuththegama,,
2018,11,Embilipitiya,,
2018,11,Kandy,,
2018,11,Kaluthara,,
2018,11,Matara,,
2018,11,Vavuniya,,
2018,11,Anuradapuraya,,
2018,11,Gampaha,,
2018,11,Thissamaharama,,
2018,11,Rathnapura,,
2018,11,Kegalle,,
2018,11,Monaragala,,
2018,11,Badulla,,
2018,11,Meegoda,,
2018,11,Nikaweratiya,,
2018,11,Nuwara Eliya,,
2018,11,Galle,,
2018,11,Bandarawela,,
2018,11,Dabulla,,
2018,11,Mullathivu,,
2018,11,Polonnaruwa,,
2018,11,Jaffna,,
2018,11,Veyangoda,,
2018,11,Colombo,,
2018,11,Hanguranketha,,
2018,11,Mannar,,
2018,11,Kurunegala,,
2018,11,Matale,,
2018,11,Ampara,,
2018,11,Hambanthota,,
2018,11,Kilinochchi,,
2018,11,Batticaloa,,
2018,11,Dehiattakandiya,,
2018,11,Trinco,,
2018,12,Galenbidunuwewa,,
2018,12,Keppetipola,,
2018,12,Puttalam,,
2018,12,Thabuththegama,,
2018,12,Embilipitiya,,
2018,12,Kandy,,
2018,12,Kaluthara,,
2018,12,Matara,,
2018,12,Vavuniya,,
2018,12,Anuradapuraya,,
2018,12,Gampaha,,
2018,12,Thissamaharama,,
2018,12,Rathnapura,,
2018,12,Kegalle,,
2018,12,Monaragala,,
2018,12,Badulla,,
2018,12,Meegoda,,
2018,12,Nikaweratiya,,
2018,12,Nuwara Eliya,,
2018,12,Galle,,
2018,12,Bandarawela,,
2018,12,Dabulla,,
2018,12,Mullathivu,,
2018,12,Polonnaruwa,,
2018,12,Jaffna,,
2018,12,Veyangoda,,
2018,12,Colombo,,
2018,12,Hanguranketha,,
2018,12,Mannar,,
2018,12,Kurunegala,,
2018,12,Matale,,
2018,12,Ampara,,
2018,12,Hambanthota,,
2018,12,Kilinochchi,,
2018,12,Batticaloa,,
2018,12,Dehiattakandiya,,
2018,12,Trinco,,
2019,1,Galenbidunuwewa,,
2019,1,Keppetipola,,
2019,1,Puttalam,,
2019,1,Thabuththegama,,
2019,1,Embilipitiya,,
2019,1,Kandy,,
2019,1,Kaluthara,,
2019,1,Matara,,
2019,1,Vavuniya,,
2019,1,Anuradapuraya,,
2019,1,Gampaha,,
2019,1,Thissamaharama,,
2019,1,Rathnapura,,
2019,1,Kegalle,,
2019,1,Monaragala,,
2019,1,Badulla,,
2019,1,Meegoda,,
2019,1,Nikaweratiya,,
2019,1,Nuwara Eliya,,
2019,1,Galle,,
2019,1,Bandarawela,,
2019,1,Dabulla,,
2019,1,Mullathivu,,
2019,1,Polonnaruwa,,
2019,1,Jaffna,,
2019,1,Veyangoda,,
2019,1,Colombo,,
2019,1,Hanguranketha,,
2019,1,Mannar,,
2019,1,Kurunegala,,
2019,1,Matale,,
2019,1,Ampara,,
2019,1,Hambanthota,,
2019,1,Kilinochchi,,
2019,1,Batticaloa,,
2019,1,Dehiattakandiya,,
2019,1,Trinco,,
2019,2,Galenbidunuwewa,,
2019,2,Keppetipola,,
2019,2,Puttalam,,
2019,2,Thabuththegama,,
2019,2,Embilipitiya,,
2019,2,Kandy,,
2019,2,Kaluthara,,
2019,2,Matara,,
2019,2,Vavuniya,,
2019,2,Anuradapuraya,,
2019,2,Gampaha,,
2019,2,Thissamaharama,,
2019,2,Rathnapura,,
2019,2,Kegalle,,
2019,2,Monaragala,,
2019,2,Badulla,,
2019,2,Meegoda,,
2019,2,Nikaweratiya,,
2019,2,Nuwara Eliya,,
2019,2,Galle,,
2019,2,Bandarawela,,
2019,2,Dabulla,,
2019,2,Mullathivu,,
2019,2,Polonnaruwa,,
2019,2,Jaffna,,
2019,2,Veyangoda,,
2019,2,Colombo,,
2019,2,Hanguranketha,,
2019,2,Mannar,,
2019,2,Kurunegala,,
2019,2,Matale,,
2019,2,Ampara,,
2019,2,Hambanthota,,
2019,2,Kilinochchi,,
2019,2,Batticaloa,,
2019,2,Dehiattakandiya,,
2019,2,Trinco,,
2019,3,Galenbidunuwewa,,
2019,3,Keppetipola,,
2019,3,Puttalam,,
2019,3,Thabuththegama,,
2019,3,Embilipitiya,,
2019,3,Kandy,,
2019,3,Kaluthara,,
2019,3,Matara,,
2019,3,Vavuniya,,
2019,3,Anuradapuraya,,
2019,3,Gampaha,,
2019,3,Thissamaharama,,
2019,3,Rathnapura,,
2019,3,Kegalle,,
2019,3,Monaragala,,
2019,3,Badulla,,
2019,3,Meegoda,,
2019,3,Nikaweratiya,,
2019,3,Nuwara Eliya,,
2019,3,Galle,,
2019,3,Bandarawela,,
2019,3,Dabulla,,
2019,3,Mullathivu,,
2019,3,Polonnaruwa,,
2019,3,Jaffna,,
2019,3,Veyangoda,,
2019,3,Colombo,,
2019,3,Hanguranketha,,
2019,3,Mannar,,
2019,3,Kurunegala,,
2019,3,Matale,,
2019,3,Ampara,,
2019,3,Hambanthota,,
2019,3,Kilinochchi,,
2019,3,Batticaloa,,
2019,3,Dehiattakandiya,,
2019,3,Trinco,,
2019,4,Galenbidunuwewa,,
2019,4,Keppetipola,,
2019,4,Puttalam,,
2019,4,Thabuththegama,,
2019,4,Embilipitiya,,
2019,4,Kandy,,
2019,4,Kaluthara,,
2019,4,Matara,,
2019,4,Vavuniya,,
2019,4,Anuradapuraya,,
2019,4,Gampaha,,
2019,4,Thissamaharama,,
2019,4,Rathnapura,,
2019,4,Kegalle,,
2019,4,Monaragala,,
2019,4,Badulla,,
2019,4,Meegoda,,
2019,4,Nikaweratiya,,
2019,4,Nuwara Eliya,,
2019,4,Galle,,
2019,4,Bandarawela,,
2019,4,Dabulla,,
2019,4,Mullathivu,,
2019,4,Polonnaruwa,,
2019,4,Jaffna,,
2019,4,Veyangoda,,
2019,4,Colombo,,
2019,4,Hanguranketha,,
2019,4,Mannar,,
2019,4,Kurunegala,,
2019,4,Matale,,
2019,4,Ampara,,
2019,4,Hambanthota,,
2019,4,Kilinochchi,,
2019,4,Batticaloa,,
2019,4,Dehiattakandiya,,
2019,4,Trinco,,
2019,5,Galenbidunuwewa,,
2019,5,Keppetipola,,
2019,5,Puttalam,,
2019,5,Thabuththegama,,
2019,5,Embilipitiya,,
2019,5,Kandy,,
2019,5,Kaluthara,,
2019,5,Matara,,
2019,5,Vavuniya,,
2019,5,Anuradapuraya,,
2019,5,Gampaha,,
2019,5,Thissamaharama,,
2019,5,Rathnapura,,
2019,5,Kegalle,,
2019,5,Monaragala,,
2019,5,Badulla,,
2019,5,Meegoda,,
2019,5,Nikaweratiya,,
2019,5,Nuwara Eliya,,
2019,5,Galle,,
2019,5,Bandarawela,,
2019,5,Dabulla,,
2019,5,Mullathivu,,
2019,5,Polonnaruwa,,
2019,5,Jaffna,,
2019,5,Veyangoda,,
2019,5,Colombo,,
2019,5,Hanguranketha,,
2019,5,Mannar,,
2019,5,Kurunegala,,
2019,5,Matale,,
2019,5,Ampara,,
2019,5,Hambanthota,,
2019,5,Kilinochchi,,
2019,5,Batticaloa,,
2019,5,Dehiattakandiya,,
2019,5,Trinco,,
2019,6,Galenbidunuwewa,,
2019,6,Keppetipola,,
2019,6,Puttalam,,
2019,6,Thabuththegama,,
2019,6,Embilipitiya,,
2019,6,Kandy,,
2019,6,Kaluthara,,
2019,6,Matara,,
2019,6,Vavuniya,,
2019,6,Anuradapuraya,,
2019,6,Gampaha,,
2019,6,Thissamaharama,,
2019,6,Rathnapura,,
2019,6,Kegalle,,
2019,6,Monaragala,,
2019,6,Badulla,,
2019,6,Meegoda,,
2019,6,Nikaweratiya,,
2019,6,Nuwara Eliya,,
2019,6,Galle,,
2019,6,Bandarawela,,
2019,6,Dabulla,,
2019,6,Mullathivu,,
2019,6,Polonnaruwa,,
2019,6,Jaffna,,
2019,6,Veyangoda,,
2019,6,Colombo,,
2019,6,Hanguranketha,,
2019,6,Mannar,,
2019,6,Kurunegala,,
2019,6,Matale,,
2019,6,Ampara,,
2019,6,Hambanthota,,
2019,6,Kilinochchi,,
2019,6,Batticaloa,,
2019,6,Dehiattakandiya,,
2019,6,Trinco,,
2019,7,Galenbidunuwewa,,
2019,7,Keppetipola,,
2019,7,Puttalam,,
2019,7,Thabuththegama,,
2019,7,Embilipitiya,,
2019,7,Kandy,,
2019,7,Kaluthara,,
2019,7,Matara,,
2019,7,Vavuniya,,
2019,7,Anuradapuraya,,
2019,7,Gampaha,,
2019,7,Thissamaharama,,
2019,7,Rathnapura,,
2019,7,Kegalle,,
2019,7,Monaragala,,
2019,7,Badulla,,
2019,7,Meegoda,,
2019,7,Nikaweratiya,,
2019,7,Nuwara Eliya,,
2019,7,Galle,,
2019,7,Bandarawela,,
2019,7,Dabulla,,
2019,7,Mullathivu,,
2019,7,Polonnaruwa,,
2019,7,Jaffna,,
2019,7,Veyangoda,,
2019,7,Colombo,,
2019,7,Hanguranketha,,
2019,7,Mannar,,
2019,7,Kurunegala,,
2019,7,Matale,,
2019,7,Ampara,,
2019,7,Hambanthota,,
2019,7,Kilinochchi,,
2019,7,Batticaloa,,
2019,7,Dehiattakandiya,,
2019,7,Trinco,,
2019,8,Galenbidunuwewa,,
2019,8,Keppetipola,,
2019,8,Puttalam,,
2019,8,Thabuththegama,,
2019,8,Embilipitiya,,
2019,8,Kandy,,
2019,8,Kaluthara,,
2019,8,Matara,,
2019,8,Vavuniya,,
2019,8,Anuradapuraya,,
2019,8,Gampaha,,
2019,8,Thissamaharama,,
2019,8,Rathnapura,,
2019,8,Kegalle,,
2019,8,Monaragala,,
2019,8,Badulla,,
2019,8,Meegoda,,
2019,8,Nikaweratiya,,
2019,8,Nuwara Eliya,,
2019,8,Galle,,
2019,8,Bandarawela,,
2019,8,Dabulla,,
2019,8,Mullathivu,,
2019,8,Polonnaruwa,,
2019,8,Jaffna,,
2019,8,Veyangoda,,
2019,8,Colombo,,
2019,8,Hanguranketha,,
2019,8,Mannar,,
2019,8,Kurunegala,,
2019,8,Matale,,
2019,8,Ampara,,
2019,8,Hambanthota,,
2019,8,Kilinochchi,,
2019,8,Batticaloa,,
2019,8,Dehiattakandiya,,
2019,8,Trinco,,
2019,9,Galenbidunuwewa,,
2019,9,Keppetipola,,
2019,9,Puttalam,,
2019,9,Thabuththegama,,
2019,9,Embilipitiya,,
2019,9,Kandy,,
2019,9,Kaluthara,,
2019,9,Matara,,
2019,9,Vavuniya,,
2019,9,Anuradapuraya,,
2019,9,Gampaha,,
2019,9,Thissamaharama,,
2019,9,Rathnapura,,
2019,9,Kegalle,,
2019,9,Monaragala,,
2019,9,Badulla,,
2019,9,Meegoda,,
2019,9,Nikaweratiya,,
2019,9,Nuwara Eliya,,
2019,9,Galle,,
2019,9,Bandarawela,,
2019,9,Dabulla,,
2019,9,Mullathivu,,
2019,9,Polonnaruwa,,
2019,9,Jaffna,,
2019,9,Veyangoda,,
2019,9,Colombo,,
2019,9,Hanguranketha,,
2019,9,Mannar,,
2019,9,Kurunegala,,
2019,9,Matale,,
2019,9,Ampara,,
2019,9,Hambanthota,,
2019,9,Kilinochchi,,
2019,9,Batticaloa,,
2019,9,Dehiattakandiya,,
2019,9,Trinco,,
2019,10,Galenbidunuwewa,,
2019,10,Keppetipola,,
2019,10,Puttalam,,
2019,10,Thabuththegama,,
2019,10,Embilipitiya,,
2019,10,Kandy,,
2019,10,Kaluthara,,
2019,10,Matara,,
2019,10,Vavuniya,,
2019,10,Anuradapuraya,,
2019,10,Gampaha,,
2019,10,Thissamaharama,,
2019,10,Rathnapura,,
2019,10,Kegalle,,
2019,10,Monaragala,,
2019,10,Badulla,,
2019,10,Meegoda,,
2019,10,Nikaweratiya,,
2019,10,Nuwara Eliya,,
2019,10,Galle,,
2019,10,Bandarawela,,
2019,10,Dabulla,,
2019,10,Mullathivu,,
2019,10,Polonnaruwa,,
2019,10,Jaffna,,
2019,10,Veyangoda,,
2019,10,Colombo,,
2019,10,Hanguranketha,,
2019,10,Mannar,,
2019,10,Kurunegala,,
2019,10,Matale,,
2019,10,Ampara,,
2019,10,Hambanthota,,
2019,10,Kilinochchi,,
2019,10,Batticaloa,,
2019,10,Dehiattakandiya,,
2019,10,Trinco,,
2019,11,Galenbidunuwewa,,
2019,11,Keppetipola,,
2019,11,Puttalam,,
2019,11,Thabuththegama,,
2019,11,Embilipitiya,,
2019,11,Kandy,,
2019,11,Kaluthara,,
2019,11,Matara,,
2019,11,Vavuniya,,
2019,11,Anuradapuraya,,
2019,11,Gampaha,,
2019,11,Thissamaharama,,
2019,11,Rathnapura,,
2019,11,Kegalle,,
2019,11,Monaragala,,
2019,11,Badulla,,
2019,11,Meegoda,,
2019,11,Nikaweratiya,,
2019,11,Nuwara Eliya,,
2019,11,Galle,,
2019,11,Bandarawela,,
2019,11,Dabulla,,
2019,11,Mullathivu,,
2019,11,Polonnaruwa,,
2019,11,Jaffna,,
2019,11,Veyangoda,,
2019,11,Colombo,,
2019,11,Hanguranketha,,
2019,11,Mannar,,
2019,11,Kurunegala,,
2019,11,Matale,,
2019,11,Ampara,,
2019,11,Hambanthota,,
2019,11,Kilinochchi,,
2019,11,Batticaloa,,
2019,11,Dehiattakandiya,,
2019,11,Trinco,,
2019,12,Galenbidunuwewa,,
2019,12,Keppetipola,,
2019,12,Puttalam,,
2019,12,Thabuththegama,,
2019,12,Embilipitiya,,
2019,12,Kandy,,
2019,12,Kaluthara,,
2019,12,Matara,,
2019,12,Vavuniya,,
2019,12,Anuradapuraya,,
2019,12,Gampaha,,
2019,12,Thissamaharama,,
2019,12,Rathnapura,,
2019,12,Kegalle,,
2019,12,Monaragala,,
2019,12,Badulla,,
2019,12,Meegoda,,
2019,12,Nikaweratiya,,
2019,12,Nuwara Eliya,,
2019,12,Galle,,
2019,12,Bandarawela,,
2019,12,Dabulla,,
2019,12,Mullathivu,,
2019,12,Polonnaruwa,,
2019,12,Jaffna,,
2019,12,Veyangoda,,
2019,12,Colombo,,
2019,12,Hanguranketha,,
2019,12,Mannar,,
2019,12,Kurunegala,,
2019,12,Matale,,
2019,12,Ampara,,
2019,12,Hambanthota,,
2019,12,Kilinochchi,,
2019,12,Batticaloa,,
2019,12,Dehiattakandiya,,
2019,12,Trinco,,
2020,1,Galenbidunuwewa,,
2020,1,Keppetipola,,
2020,1,Puttalam,,
2020,1,Thabuththegama,,
2020,1,Embilipitiya,,
2020,1,Kandy,,
2020,1,Kaluthara,,
2020,1,Matara,,
2020,1,Vavuniya,,
2020,1,Anuradapuraya,,
2020,1,Gampaha,,
2020,1,Thissamaharama,,
2020,1,Rathnapura,,
2020,1,Kegalle,,
2020,1,Monaragala,,
2020,1,Badulla,,
2020,1,Meegoda,,
2020,1,Nikaweratiya,,
2020,1,Nuwara Eliya,,
2020,1,Galle,,
2020,1,Bandarawela,,
2020,1,Dabulla,,
2020,1,Mullathivu,,
2020,1,Polonnaruwa,,
2020,1,Jaffna,,
2020,1,Veyangoda,,
2020,1,Colombo,,
2020,1,Hanguranketha,,
2020,1,Mannar,,
2020,1,Kurunegala,,
2020,1,Matale,,
2020,1,Ampara,,
2020,1,Hambanthota,,
2020,1,Kilinochchi,,
2020,1,Batticaloa,,
2020,1,Dehiattakandiya,,
2020,1,Trinco,,
2020,2,Galenbidunuwewa,,
2020,2,Keppetipola,,
2020,2,Puttalam,,
2020,2,Thabuththegama,,
2020,2,Embilipitiya,,
2020,2,Kandy,,
2020,2,Kaluthara,,
2020,2,Matara,,
2020,2,Vavuniya,,
2020,2,Anuradapuraya,,
2020,2,Gampaha,,
2020,2,Thissamaharama,,
2020,2,Rathnapura,,
2020,2,Kegalle,,
2020,2,Monaragala,,
2020,2,Badulla,,
2020,2,Meegoda,,
2020,2,Nikaweratiya,,
2020,2,Nuwara Eliya,,
2020,2,Galle,,
2020,2,Bandarawela,,
2020,2,Dabulla,,
2020,2,Mullathivu,,
2020,2,Polonnaruwa,,
2020,2,Jaffna,,
2020,2,Veyangoda,,
2020,2,Colombo,,
2020,2,Hanguranketha,,
2020,2,Mannar,,
2020,2,Kurunegala,,
2020,2,Matale,,
2020,2,Ampara,,
2020,2,Hambanthota,,
2020,2,Kilinochchi,,
2020,2,Batticaloa,,
2020,2,Dehiattakandiya,,
2020,2,Trinco,,
2020,3,Galenbidunuwewa,,
2020,3,Keppetipola,,
2020,3,Puttalam,,
2020,3,Thabuththegama,,
2020,3,Embilipitiya,,
2020,3,Kandy,,
2020,3,Kaluthara,,
2020,3,Matara,,
2020,3,Vavuniya,,
2020,3,Anuradapuraya,,
2020,3,Gampaha,,
2020,3,Thissamaharama,,
2020,3,Rathnapura,,
2020,3,Kegalle,,
2020,3,Monaragala,,
2020,3,Badulla,,
2020,3,Meegoda,,
2020,3,Nikaweratiya,,
2020,3,Nuwara Eliya,,
2020,3,Galle,,
2020,3,Bandarawela,,
2020,3,Dabulla,,
2020,3,Mullathivu,,
2020,3,Polonnaruwa,,
2020,3,Jaffna,,
2020,3,Veyangoda,,
2020,3,Colombo,,
2020,3,Hanguranketha,,
2020,3,Mannar,,
2020,3,Kurunegala,,
2020,3,Matale,,
2020,3,Ampara,,
2020,3,Hambanthota,,
2020,3,Kilinochchi,,
2020,3,Batticaloa,,
2020,3,Dehiattakandiya,,
2020,3,Trinco,,
2020,4,Galenbidunuwewa,,
2020,4,Keppetipola,,
2020,4,Puttalam,,
2020,4,Thabuththegama,,
2020,4,Embilipitiya,,
2020,4,Kandy,,
2020,4,Kaluthara,,
2020,4,Matara,,
2020,4,Vavuniya,,
2020,4,Anuradapuraya,,
2020,4,Gampaha,,
2020,4,Thissamaharama,,
2020,4,Rathnapura,,
2020,4,Kegalle,,
2020,4,Monaragala,,
2020,4,Badulla,,
2020,4,Meegoda,,
2020,4,Nikaweratiya,,
2020,4,Nuwara Eliya,,
2020,4,Galle,,
2020,4,Bandarawela,,
2020,4,Dabulla,,
2020,4,Mullathivu,,
2020,4,Polonnaruwa,,
2020,4,Jaffna,,
2020,4,Veyangoda,,
2020,4,Colombo,,
2020,4,Hanguranketha,,
2020,4,Mannar,,
2020,4,Kurunegala,,
2020,4,Matale,,
2020,4,Ampara,,
2020,4,Hambanthota,,
2020,4,Kilinochchi,,
2020,4,Batticaloa,,
2020,4,Dehiattakandiya,,
2020,4,Trinco,,
2020,5,Galenbidunuwewa,,
2020,5,Keppetipola,,
2020,5,Puttalam,,
2020,5,Thabuththegama,,
2020,5,Embilipitiya,,
2020,5,Kandy,,
2020,5,Kaluthara,,
2020,5,Matara,,
2020,5,Vavuniya,,
2020,5,Anuradapuraya,,
2020,5,Gampaha,,
2020,5,Thissamaharama,,
2020,5,Rathnapura,,
2020,5,Kegalle,,
2020,5,Monaragala,,
2020,5,Badulla,,
2020,5,Meegoda,,
2020,5,Nikaweratiya,,
2020,5,Nuwara Eliya,,
2020,5,Galle,,
2020,5,Bandarawela,,
2020,5,Dabulla,,
2020,5,Mullathivu,,
2020,5,Polonnaruwa,,
2020,5,Jaffna,,
2020,5,Veyangoda,,
2020,5,Colombo,,
2020,5,Hanguranketha,,
2020,5,Mannar,,
2020,5,Kurunegala,,
2020,5,Matale,,
2020,5,Ampara,,
2020,5,Hambanthota,,
2020,5,Kilinochchi,,
2020,5,Batticaloa,,
2020,5,Dehiattakandiya,,
2020,5,Trinco,,
2020,6,Galenbidunuwewa,,
2020,6,Keppetipola,,
2020,6,Puttalam,,
2020,6,Thabuththegama,,
2020,6,Embilipitiya,,
2020,6,Kandy,,
2020,6,Kaluthara,,
2020,6,Matara,,
2020,6,Vavuniya,,
2020,6,Anuradapuraya,,
2020,6,Gampaha,,
2020,6,Thissamaharama,,
2020,6,Rathnapura,,
2020,6,Kegalle,,
2020,6,Monaragala,,
2020,6,Badulla,,
2020,6,Meegoda,,
2020,6,Nikaweratiya,,
2020,6,Nuwara Eliya,,
2020,6,Galle,,
2020,6,Bandarawela,,
2020,6,Dabulla,,
2020,6,Mullathivu,,
2020,6,Polonnaruwa,,
2020,6,Jaffna,,
2020,6,Veyangoda,,
2020,6,Colombo,,
2020,6,Hanguranketha,,
2020,6,Mannar,,
2020,6,Kurunegala,,
2020,6,Matale,,
2020,6,Ampara,,
2020,6,Hambanthota,,
2020,6,Kilinochchi,,
2020,6,Batticaloa,,
2020,6,Dehiattakandiya,,
2020,6,Trinco,,
2020,7,Galenbidunuwewa,,
2020,7,Keppetipola,,
2020,7,Puttalam,,
2020,7,Thabuththegama,,
2020,7,Embilipitiya,,
2020,7,Kandy,,
2020,7,Kaluthara,,
2020,7,Matara,,
2020,7,Vavuniya,,
2020,7,Anuradapuraya,,
2020,7,Gampaha,,
2020,7,Thissamaharama,,
2020,7,Rathnapura,,
2020,7,Kegalle,,
2020,7,Monaragala,,
2020,7,Badulla,,
2020,7,Meegoda,,
2020,7,Nikaweratiya,,
2020,7,Nuwara Eliya,,
2020,7,Galle,,
2020,7,Bandarawela,,
2020,7,Dabulla,,
2020,7,Mullathivu,,
2020,7,Polonnaruwa,,
2020,7,Jaffna,,
2020,7,Veyangoda,,
2020,7,Colombo,,
2020,7,Hanguranketha,,
2020,7,Mannar,,
2020,7,Kurunegala,,
2020,7,Matale,,
2020,7,Ampara,,
2020,7,Hambanthota,,
2020,7,Kilinochchi,,
2020,7,Batticaloa,,
2020,7,Dehiattakandiya,,
2020,7,Trinco,,
2020,8,Galenbidunuwewa,,
2020,8,Keppetipola,,
2020,8,Puttalam,,
2020,8,Thabuththegama,,
2020,8,Embilipitiya,,
2020,8,Kandy,,
2020,8,Kaluthara,,
2020,8,Matara,,
2020,8,Vavuniya,,
2020,8,Anuradapuraya,,
2020,8,Gampaha,,
2020,8,Thissamaharama,,
2020,8,Rathnapura,,
2020,8,Kegalle,,
2020,8,Monaragala,,
2020,8,Badulla,,
2020,8,Meegoda,,
2020,8,Nikaweratiya,,
2020,8,Nuwara Eliya,,
2020,8,Galle,,
2020,8,Bandarawela,,
2020,8,Dabulla,,
2020,8,Mullathivu,,
2020,8,Polonnaruwa,,
2020,8,Jaffna,,
2020,8,Veyangoda,,
2020,8,Colombo,,
2020,8,Hanguranketha,,
2020,8,Mannar,,
2020,8,Kurunegala,,
2020,8,Matale,,
2020,8,Ampara,,
2020,8,Hambanthota,,
2020,8,Kilinochchi,,
2020,8,Batticaloa,,
2020,8,Dehiattakandiya,,
2020,8,Trinco,,
2020,9,Galenbidunuwewa,,
2020,9,Keppetipola,,
2020,9,Puttalam,,
2020,9,Thabuththegama,,
2020,9,Embilipitiya,,
2020,9,Kandy,,
2020,9,Kaluthara,,
2020,9,Matara,,
2020,9,Vavuniya,,
2020,9,Anuradapuraya,,
2020,9,Gampaha,,
2020,9,Thissamaharama,,
2020,9,Rathnapura,,
2020,9,Kegalle,,
2020,9,Monaragala,,
2020,9,Badulla,,
2020,9,Meegoda,,
2020,9,Nikaweratiya,,
2020,9,Nuwara Eliya,,
2020,9,Galle,,
2020,9,Bandarawela,,
2020,9,Dabulla,,
2020,9,Mullathivu,,
2020,9,Polonnaruwa,,
2020,9,Jaffna,,
2020,9,Veyangoda,,
2020,9,Colombo,,
2020,9,Hanguranketha,,
2020,9,Mannar,,
2020,9,Kurunegala,,
2020,9,Matale,,
2020,9,Ampara,,
2020,9,Hambanthota,,
2020,9,Kilinochchi,,
2020,9,Batticaloa,,
2020,9,Dehiattakandiya,,
2020,9,Trinco,,
2020,10,Galenbidunuwewa,,
2020,10,Keppetipola,,
2020,10,Puttalam,,
2020,10,Thabuththegama,,
2020,10,Embilipitiya,,
2020,10,Kandy,,
2020,10,Kaluthara,,
2020,10,Matara,,
2020,10,Vavuniya,,
2020,10,Anuradapuraya,,
2020,10,Gampaha,,
2020,10,Thissamaharama,,
2020,10,Rathnapura,,
2020,10,Kegalle,,
2020,10,Monaragala,,
2020,10,Badulla,,
2020,10,Meegoda,,
2020,10,Nikaweratiya,,
2020,10,Nuwara Eliya,,
2020,10,Galle,,
2020,10,Bandarawela,,
2020,10,Dabulla,,
2020,10,Mullathivu,,
2020,10,Polonnaruwa,,
2020,10,Jaffna,,
2020,10,Veyangoda,,
2020,10,Colombo,,
2020,10,Hanguranketha,,
2020,10,Mannar,,
2020,10,Kurunegala,,
2020,10,Matale,,
2020,10,Ampara,,
2020,10,Hambanthota,,
2020,10,Kilinochchi,,
2020,10,Batticaloa,,
2020,10,Dehiattakandiya,,
2020,10,Trinco,,
2020,11,Galenbidunuwewa,,
2020,11,Keppetipola,,
2020,11,Puttalam,,
2020,11,Thabuththegama,,
2020,11,Embilipitiya,,
2020,11,Kandy,,
2020,11,Kaluthara,,
2020,11,Matara,,
2020,11,Vavuniya,,
2020,11,Anuradapuraya,,
2020,11,Gampaha,,
2020,11,Thissamaharama,,
2020,11,Rathnapura,,
2020,11,Kegalle,,
2020,11,Monaragala,,
2020,11,Badulla,,
2020,11,Meegoda,,
2020,11,Nikaweratiya,,
2020,11,Nuwara Eliya,,
2020,11,Galle,,
2020,11,Bandarawela,,
2020,11,Dabulla,,
2020,11,Mullathivu,,
2020,11,Polonnaruwa,,
2020,11,Jaffna,,
2020,11,Veyangoda,,
2020,11,Colombo,,
2020,11,Hanguranketha,,
2020,11,Mannar,,
2020,11,Kurunegala,,
2020,11,Matale,,
2020,11,Ampara,,
2020,11,Hambanthota,,
2020,11,Kilinochchi,,
2020,11,Batticaloa,,
2020,11,Dehiattakandiya,,
2020,11,Trinco,,
2020,12,Galenbidunuwewa,,
2020,12,Keppetipola,,
2020,12,Puttalam,,
2020,12,Thabuththegama,,
2020,12,Embilipitiya,,
2020,12,Kandy,,
2020,12,Kaluthara,,
2020,12,Matara,,
2020,12,Vavuniya,,
2020,12,Anuradapuraya,,
2020,12,Gampaha,,
2020,12,Thissamaharama,,
2020,12,Rathnapura,,
2020,12,Kegalle,,
2020,12,Monaragala,,
2020,12,Badulla,,
2020,12,Meegoda,,
2020,12,Nikaweratiya,,
2020,12,Nuwara Eliya,,
2020,12,Galle,,
2020,12,Bandarawela,,
2020,12,Dabulla,,
2020,12,Mullathivu,,
2020,12,Polonnaruwa,,
2020,12,Jaffna,,
2020,12,Veyangoda,,
2020,12,Colombo,,
2020,12,Hanguranketha,,
2020,12,Mannar,,
2020,12,Kurunegala,,
2020,12,Matale,,
2020,12,Ampara,,
2020,12,Hambanthota,,
2020,12,Kilinochchi,,
2020,12,Batticaloa,,
2020,12,Dehiattakandiya,,
2020,12,Trinco,,
2021,1,Galenbidunuwewa,,
2021,1,Keppetipola,,
2021,1,Puttalam,,
2021,1,Thabuththegama,,
2021,1,Embilipitiya,,
2021,1,Kandy,,
2021,1,Kaluthara,,
2021,1,Matara,,
2021,1,Vavuniya,,
2021,1,Anuradapuraya,,
2021,1,Gampaha,,
2021,1,Thissamaharama,,
2021,1,Rathnapura,,
2021,1,Kegalle,,
2021,1,Monaragala,,
2021,1,Badulla,,
2021,1,Meegoda,,
2021,1,Nikaweratiya,,
2021,1,Nuwara Eliya,,
2021,1,Galle,,
2021,1,Bandarawela,,
2021,1,Dabulla,,
2021,1,Mullathivu,,
2021,1,Polonnaruwa,,
2021,1,Jaffna,,
2021,1,Veyangoda,,
2021,1,Colombo,,
2021,1,Hanguranketha,,
2021,1,Mannar,,
2021,1,Kurunegala,,
2021,1,Matale,,
2021,1,Ampara,,
2021,1,Hambanthota,,
2021,1,Kilinochchi,,
2021,1,Batticaloa,,
2021,1,Dehiattakandiya,,
2021,1,Trinco,,
2021,2,Galenbidunuwewa,,
2021,2,Keppetipola,,
2021,2,Puttalam,,
2021,2,Thabuththegama,,
2021,2,Embilipitiya,,
2021,2,Kandy,,
2021,2,Kaluthara,,
2021,2,Matara,,
2021,2,Vavuniya,,
2021,2,Anuradapuraya,,
2021,2,Gampaha,,
2021,2,Thissamaharama,,
2021,2,Rathnapura,,
2021,2,Kegalle,,
2021,2,Monaragala,,
2021,2,Badulla,,
2021,2,Meegoda,,
2021,2,Nikaweratiya,,
2021,2,Nuwara Eliya,,
2021,2,Galle,,
2021,2,Bandarawela,,
2021,2,Dabulla,,
2021,2,Mullathivu,,
2021,2,Polonnaruwa,,
2021,2,Jaffna,,
2021,2,Veyangoda,,
2021,2,Colombo,,
2021,2,Hanguranketha,,
2021,2,Mannar,,
2021,2,Kurunegala,,
2021,2,Matale,,
2021,2,Ampara,,
2021,2,Hambanthota,,
2021,2,Kilinochchi,,
2021,2,Batticaloa,,
2021,2,Dehiattakandiya,,
2021,2,Trinco,,
2021,3,Galenbidunuwewa,,
2021,3,Keppetipola,,
2021,3,Puttalam,,
2021,3,Thabuththegama,,
2021,3,Embilipitiya,,
2021,3,Kandy,,
2021,3,Kaluthara,,
2021,3,Matara,,
2021,3,Vavuniya,,
2021,3,Anuradapuraya,,
2021,3,Gampaha,,
2021,3,Thissamaharama,,
2021,3,Rathnapura,,
2021,3,Kegalle,,
2021,3,Monaragala,,
2021,3,Badulla,,
2021,3,Meegoda,,
2021,3,Nikaweratiya,,
2021,3,Nuwara Eliya,,
2021,3,Galle,,
2021,3,Bandarawela,,
2021,3,Dabulla,,
2021,3,Mullathivu,,
2021,3,Polonnaruwa,,
2021,3,Jaffna,,
2021,3,Veyangoda,,
2021,3,Colombo,,
2021,3,Hanguranketha,,
2021,3,Mannar,,
2021,3,Kurunegala,,
2021,3,Matale,,
2021,3,Ampara,,
2021,3,Hambanthota,,
2021,3,Kilinochchi,,
2021,3,Batticaloa,,
2021,3,Dehiattakandiya,,
2021,3,Trinco,,
2021,4,Galenbidunuwewa,,
2021,4,Keppetipola,,
2021,4,Puttalam,,
2021,4,Thabuththegama,,
2021,4,Embilipitiya,,
2021,4,Kandy,,
2021,4,Kaluthara,,
2021,4,Matara,,
2021,4,Vavuniya,,
2021,4,Anuradapuraya,,
2021,4,Gampaha,,
2021,4,Thissamaharama,,
2021,4,Rathnapura,,
2021,4,Kegalle,,
2021,4,Monaragala,,
2021,4,Badulla,,
2021,4,Meegoda,,
2021,4,Nikaweratiya,,
2021,4,Nuwara Eliya,,
2021,4,Galle,,
2021,4,Bandarawela,,
2021,4,Dabulla,,
2021,4,Mullathivu,,
2021,4,Polonnaruwa,,
2021,4,Jaffna,,
2021,4,Veyangoda,,
2021,4,Colombo,,
2021,4,Hanguranketha,,
2021,4,Mannar,,
2021,4,Kurunegala,,
2021,4,Matale,,
2021,4,Ampara,,
2021,4,Hambanthota,,
2021,4,Kilinochchi,,
2021,4,Batticaloa,,
2021,4,Dehiattakandiya,,
2021,4,Trinco,,
2021,5,Galenbidunuwewa,,
2021,5,Keppetipola,,
2021,5,Puttalam,,
2021,5,Thabuththegama,,
2021,5,Embilipitiya,,
2021,5,Kandy,,
2021,5,Kaluthara,,
2021,5,Matara,,
2021,5,Vavuniya,,
2021,5,Anuradapuraya,,
2021,5,Gampaha,,
2021,5,Thissamaharama,,
2021,5,Rathnapura,,
2021,5,Kegalle,,
2021,5,Monaragala,,
2021,5,Badulla,,
2021,5,Meegoda,,
2021,5,Nikaweratiya,,
2021,5,Nuwara Eliya,,
2021,5,Galle,,
2021,5,Bandarawela,,
2021,5,Dabulla,,
2021,5,Mullathivu,,
2021,5,Polonnaruwa,,
2021,5,Jaffna,,
2021,5,Veyangoda,,
2021,5,Colombo,,
2021,5,Hanguranketha,,
2021,5,Mannar,,
2021,5,Kurunegala,,
2021,5,Matale,,
2021,5,Ampara,,
2021,5,Hambanthota,,
2021,5,Kilinochchi,,
2021,5,Batticaloa,,
2021,5,Dehiattakandiya,,
2021,5,Trinco,,
2021,6,Galenbidunuwewa,,
2021,6,Keppetipola,,
2021,6,Puttalam,,
2021,6,Thabuththegama,,
2021,6,Embilipitiya,,
2021,6,Kandy,,
2021,6,Kaluthara,,
2021,6,Matara,,
2021,6,Vavuniya,,
2021,6,Anuradapuraya,,
2021,6,Gampaha,,
2021,6,Thissamaharama,,
2021,6,Rathnapura,,
2021,6,Kegalle,,
2021,6,Monaragala,,
2021,6,Badulla,,
2021,6,Meegoda,,
2021,6,Nikaweratiya,,
2021,6,Nuwara Eliya,,
2021,6,Galle,,
2021,6,Bandarawela,,
2021,6,Dabulla,,
2021,6,Mullathivu,,
2021,6,Polonnaruwa,,
2021,6,Jaffna,,
2021,6,Veyangoda,,
2021,6,Colombo,,
2021,6,Hanguranketha,,
2021,6,Mannar,,
2021,6,Kurunegala,,
2021,6,Matale,,
2021,6,Ampara,,
2021,6,Hambanthota,,
2021,6,Kilinochchi,,
2021,6,Batticaloa,,
2021,6,Dehiattakandiya,,
2021,6,Trinco,,
2021,7,Galenbidunuwewa,,
2021,7,Keppetipola,,
2021,7,Puttalam,,
2021,7,Thabuththegama,,
2021,7,Embilipitiya,,
2021,7,Kandy,,
2021,7,Kaluthara,,
2021,7,Matara,,
2021,7,Vavuniya,,
2021,7,Anuradapuraya,,
2021,7,Gampaha,,
2021,7,Thissamaharama,,
2021,7,Rathnapura,,
2021,7,Kegalle,,
2021,7,Monaragala,,
2021,7,Badulla,,
2021,7,Meegoda,,
2021,7,Nikaweratiya,,
2021,7,Nuwara Eliya,,
2021,7,Galle,,
2021,7,Bandarawela,,
2021,7,Dabulla,,
2021,7,Mullathivu,,
2021,7,Polonnaruwa,,
2021,7,Jaffna,,
2021,7,Veyangoda,,
2021,7,Colombo,,
2021,7,Hanguranketha,,
2021,7,Mannar,,
2021,7,Kurunegala,,
2021,7,Matale,,
2021,7,Ampara,,
2021,7,Hambanthota,,
2021,7,Kilinochchi,,
2021,7,Batticaloa,,
2021,7,Dehiattakandiya,,
2021,7,Trinco,,
2021,8,Galenbidunuwewa,,
2021,8,Keppetipola,,
2021,8,Puttalam,,
2021,8,Thabuththegama,,
2021,8,Embilipitiya,,
2021,8,Kandy,,
2021,8,Kaluthara,,
2021,8,Matara,,
2021,8,Vavuniya,,
2021,8,Anuradapuraya,,
2021,8,Gampaha,,
2021,8,Thissamaharama,,
2021,8,Rathnapura,,
2021,8,Kegalle,,
2021,8,Monaragala,,
2021,8,Badulla,,
2021,8,Meegoda,,
2021,8,Nikaweratiya,,
2021,8,Nuwara Eliya,,
2021,8,Galle,,
2021,8,Bandarawela,,
2021,8,Dabulla,,
2021,8,Mullathivu,,
2021,8,Polonnaruwa,,
2021,8,Jaffna,,
2021,8,Veyangoda,,
2021,8,Colombo,,
2021,8,Hanguranketha,,
2021,8,Mannar,,
2021,8,Kurunegala,,
2021,8,Matale,,
2021,8,Ampara,,
2021,8,Hambanthota,,
2021,8,Kilinochchi,,
2021,8,Batticaloa,,
2021,8,Dehiattakandiya,,
2021,8,Trinco,,
2021,9,Galenbidunuwewa,,
2021,9,Keppetipola,,
2021,9,Puttalam,,
2021,9,Thabuththegama,,
2021,9,Embilipitiya,,
2021,9,Kandy,,
2021,9,Kaluthara,,
2021,9,Matara,,
2021,9,Vavuniya,,
2021,9,Anuradapuraya,,
2021,9,Gampaha,,
2021,9,Thissamaharama,,
2021,9,Rathnapura,,
2021,9,Kegalle,,
2021,9,Monaragala,,
2021,9,Badulla,,
2021,9,Meegoda,,
2021,9,Nikaweratiya,,
2021,9,Nuwara Eliya,,
2021,9,Galle,,
2021,9,Bandarawela,,
2021,9,Dabulla,,
2021,9,Mullathivu,,
2021,9,Polonnaruwa,,
2021,9,Jaffna,,
2021,9,Veyangoda,,
2021,9,Colombo,,
2021,9,Hanguranketha,,
2021,9,Mannar,,
2021,9,Kurunegala,,
2021,9,Matale,,
2021,9,Ampara,,
2021,9,Hambanthota,,
2021,9,Kilinochchi,,
2021,9,Batticaloa,,
2021,9,Dehiattakandiya,,
2021,9,Trinco,,
2021,10,Galenbidunuwewa,,
2021,10,Keppetipola,,
2021,10,Puttalam,,
2021,10,Thabuththegama,,
2021,10,Embilipitiya,,
2021,10,Kandy,,
2021,10,Kaluthara,,
2021,10,Matara,,
2021,10,Vavuniya,,
2021,10,Anuradapuraya,,
2021,10,Gampaha,,
2021,10,Thissamaharama,,
2021,10,Rathnapura,,
2021,10,Kegalle,,
2021,10,Monaragala,,
2021,10,Badulla,,
2021,10,Meegoda,,
2021,10,Nikaweratiya,,
2021,10,Nuwara Eliya,,
2021,10,Galle,,
2021,10,Bandarawela,,
2021,10,Dabulla,,
2021,10,Mullathivu,,
2021,10,Polonnaruwa,,
2021,10,Jaffna,,
2021,10,Veyangoda,,
2021,10,Colombo,,
2021,10,Hanguranketha,,
2021,10,Mannar,,
2021,10,Kurunegala,,
2021,10,Matale,,
2021,10,Ampara,,
2021,10,Hambanthota,,
2021,10,Kilinochchi,,
2021,10,Batticaloa,,
2021,10,Dehiattakandiya,,
2021,10,Trinco,,
2021,11,Galenbidunuwewa,,
2021,11,Keppetipola,,
2021,11,Puttalam,,
2021,11,Thabuththegama,,
2021,11,Embilipitiya,,
2021,11,Kandy,,
2021,11,Kaluthara,,
2021,11,Matara,,
2021,11,Vavuniya,,
2021,11,Anuradapuraya,,
2021,11,Gampaha,,
2021,11,Thissamaharama,,
2021,11,Rathnapura,,
2021,11,Kegalle,,
2021,11,Monaragala,,
2021,11,Badulla,,
2021,11,Meegoda,,
2021,11,Nikaweratiya,,
2021,11,Nuwara Eliya,,
2021,11,Galle,,
2021,11,Bandarawela,,
2021,11,Dabulla,,
2021,11,Mullathivu,,
2021,11,Polonnaruwa,,
2021,11,Jaffna,,
2021,11,Veyangoda,,
2021,11,Colombo,,
2021,11,Hanguranketha,,
2021,11,Mannar,,
2021,11,Kurunegala,,
2021,11,Matale,,
2021,11,Ampara,,
2021,11,Hambanthota,,
2021,11,Kilinochchi,,
2021,11,Batticaloa,,
2021,11,Dehiattakandiya,,
2021,11,Trinco,,
2021,12,Galenbidunuwewa,,
2021,12,Keppetipola,,
2021,12,Puttalam,,
2021,12,Thabuththegama,,
2021,12,Embilipitiya,,
2021,12,Kandy,,
2021,12,Kaluthara,,
2021,12,Matara,,
2021,12,Vavuniya,,
2021,12,Anuradapuraya,,
2021,12,Gampaha,,
2021,12,Thissamaharama,,
2021,12,Rathnapura,,
2021,12,Kegalle,,
2021,12,Monaragala,,
2021,12,Badulla,,
2021,12,Meegoda,,
2021,12,Nikaweratiya,,
2021,12,Nuwara Eliya,,
2021,12,Galle,,
2021,12,Bandarawela,,
2021,12,Dabulla,,
2021,12,Mullathivu,,
2021,12,Polonnaruwa,,
2021,12,Jaffna,,
2021,12,Veyangoda,,
2021,12,Colombo,,
2021,12,Hanguranketha,,
2021,12,Mannar,,
2021,12,Kurunegala,,
2021,12,Matale,,
2021,12,Ampara,,
2021,12,Hambanthota,,
2021,12,Kilinochchi,,
2021,12,Batticaloa,,
2021,12,Dehiattakandiya,,
2021,12,Trinco,,
2022,1,Galenbidunuwewa,,
2022,1,Keppetipola,,
2022,1,Puttalam,,
2022,1,Thabuththegama,,
2022,1,Embilipitiya,,
2022,1,Kandy,,
2022,1,Kaluthara,,
2022,1,Matara,,
2022,1,Vavuniya,,
2022,1,Anuradapuraya,,
2022,1,Gampaha,,
2022,1,Thissamaharama,,
2022,1,Rathnapura,,
2022,1,Kegalle,,
2022,1,Monaragala,,
2022,1,Badulla,,
2022,1,Meegoda,,
2022,1,Nikaweratiya,,
2022,1,Nuwara Eliya,,
2022,1,Galle,,
2022,1,Bandarawela,,
2022,1,Dabulla,,
2022,1,Mullathivu,,
2022,1,Polonnaruwa,,
2022,1,Jaffna,,
2022,1,Veyangoda,,
2022,1,Colombo,,
2022,1,Hanguranketha,,
2022,1,Mannar,,
2022,1,Kurunegala,,
2022,1,Matale,,
2022,1,Ampara,,
2022,1,Hambanthota,,
2022,1,Kilinochchi,,
2022,1,Batticaloa,,
2022,1,Dehiattakandiya,,
2022,1,Trinco,,
2022,2,Galenbidunuwewa,,
2022,2,Keppetipola,,
2022,2,Puttalam,,
2022,2,Thabuththegama,,
2022,2,Embilipitiya,,
2022,2,Kandy,,
2022,2,Kaluthara,,
2022,2,Matara,,
2022,2,Vavuniya,,
2022,2,Anuradapuraya,,
2022,2,Gampaha,,
2022,2,Thissamaharama,,
2022,2,Rathnapura,,
2022,2,Kegalle,,
2022,2,Monaragala,,
2022,2,Badulla,,
2022,2,Meegoda,,
2022,2,Nikaweratiya,,
2022,2,Nuwara Eliya,,
2022,2,Galle,,
2022,2,Bandarawela,,
2022,2,Dabulla,,
2022,2,Mullathivu,,
2022,2,Polonnaruwa,,
2022,2,Jaffna,,
2022,2,Veyangoda,,
2022,2,Colombo,,
2022,2,Hanguranketha,,
2022,2,Mannar,,
2022,2,Kurunegala,,
2022,2,Matale,,
2022,2,Ampara,,
2022,2,Hambanthota,,
2022,2,Kilinochchi,,
2022,2,Batticaloa,,
2022,2,Dehiattakandiya,,
2022,2,Trinco,,
2022,3,Galenbidunuwewa,,
2022,3,Keppetipola,,
2022,3,Puttalam,,
2022,3,Thabuththegama,,
2022,3,Embilipitiya,,
2022,3,Kandy,,
2022,3,Kaluthara,,
2022,3,Matara,,
2022,3,Vavuniya,,
2022,3,Anuradapuraya,,
2022,3,Gampaha,,
2022,3,Thissamaharama,,
2022,3,Rathnapura,,
2022,3,Kegalle,,
2022,3,Monaragala,,
2022,3,Badulla,,
2022,3,Meegoda,,
2022,3,Nikaweratiya,,
2022,3,Nuwara Eliya,,
2022,3,Galle,,
2022,3,Bandarawela,,
2022,3,Dabulla,,
2022,3,Mullathivu,,
2022,3,Polonnaruwa,,
2022,3,Jaffna,,
2022,3,Veyangoda,,
2022,3,Colombo,,
2022,3,Hanguranketha,,
2022,3,Mannar,,
2022,3,Kurunegala,,
2022,3,Matale,,
2022,3,Ampara,,
2022,3,Hambanthota,,
2022,3,Kilinochchi,,
2022,3,Batticaloa,,
2022,3,Dehiattakandiya,,
2022,3,Trinco,,
2022,4,Galenbidunuwewa,,
2022,4,Keppetipola,,
2022,4,Puttalam,,
2022,4,Thabuththegama,,
2022,4,Embilipitiya,,
2022,4,Kandy,,
2022,4,Kaluthara,,
2022,4,Matara,,
2022,4,Vavuniya,,
2022,4,Anuradapuraya,,
2022,4,Gampaha,,
2022,4,Thissamaharama,,
2022,4,Rathnapura,,
2022,4,Kegalle,,
2022,4,Monaragala,,
2022,4,Badulla,,
2022,4,Meegoda,,
2022,4,Nikaweratiya,,
2022,4,Nuwara Eliya,,
2022,4,Galle,,
2022,4,Bandarawela,,
2022,4,Dabulla,,
2022,4,Mullathivu,,
2022,4,Polonnaruwa,,
2022,4,Jaffna,,
2022,4,Veyangoda,,
2022,4,Colombo,,
2022,4,Hanguranketha,,
2022,4,Mannar,,
2022,4,Kurunegala,,
2022,4,Matale,,
2022,4,Ampara,,
2022,4,Hambanthota,,
2022,4,Kilinochchi,,
2022,4,Batticaloa,,
2022,4,Dehiattakandiya,,
2022,4,Trinco,,
2022,5,Galenbidunuwewa,,
2022,5,Keppetipola,,
2022,5,Puttalam,,
2022,5,Thabuththegama,,
2022,5,Embilipitiya,,
2022,5,Kandy,,
2022,5,Kaluthara,,
2022,5,Matara,,
2022,5,Vavuniya,,
2022,5,Anuradapuraya,,
2022,5,Gampaha,,
2022,5,Thissamaharama,,
2022,5,Rathnapura,,
2022,5,Kegalle,,
2022,5,Monaragala,,
2022,5,Badulla,,
2022,5,Meegoda,,
2022,5,Nikaweratiya,,
2022,5,Nuwara Eliya,,
2022,5,Galle,,
2022,5,Bandarawela,,
2022,5,Dabulla,,
2022,5,Mullathivu,,
2022,5,Polonnaruwa,,
2022,5,Jaffna,,
2022,5,Veyangoda,,
2022,5,Colombo,,
2022,5,Hanguranketha,,
2022,5,Mannar,,
2022,5,Kurunegala,,
2022,5,Matale,,
2022,5,Ampara,,
2022,5,Hambanthota,,
2022,5,Kilinochchi,,
2022,5,Batticaloa,,
2022,5,Dehiattakandiya,,
2022,5,Trinco,,
2022,6,Galenbidunuwewa,,
2022,6,Keppetipola,,
2022,6,Puttalam,,
2022,6,Thabuththegama,,
2022,6,Embilipitiya,,
2022,6,Kandy,,
2022,6,Kaluthara,,
2022,6,Matara,,
2022,6,Vavuniya,,
2022,6,Anuradapuraya,,
2022,6,Gampaha,,
2022,6,Thissamaharama,,
2022,6,Rathnapura,,
2022,6,Kegalle,,
2022,6,Monaragala,,
2022,6,Badulla,,
2022,6,Meegoda,,
2022,6,Nikaweratiya,,
2022,6,Nuwara Eliya,,
2022,6,Galle,,
2022,6,Bandarawela,,
2022,6,Dabulla,,
2022,6,Mullathivu,,
2022,6,Polonnaruwa,,
2022,6,Jaffna,,
2022,6,Veyangoda,,
2022,6,Colombo,,
2022,6,Hanguranketha,,
2022,6,Mannar,,
2022,6,Kurunegala,,
2022,6,Matale,,
2022,6,Ampara,,
2022,6,Hambanthota,,
2022,6,Kilinochchi,,
2022,6,Batticaloa,,
2022,6,Dehiattakandiya,,
2022,6,Trinco,,
2022,7,Galenbidunuwewa,,
2022,7,Keppetipola,,
2022,7,Puttalam,,
2022,7,Thabuththegama,,
2022,7,Embilipitiya,,
2022,7,Kandy,,
2022,7,Kaluthara,,
2022,7,Matara,,
2022,7,Vavuniya,,
2022,7,Anuradapuraya,,
2022,7,Gampaha,,
2022,7,Thissamaharama,,
2022,7,Rathnapura,,
2022,7,Kegalle,,
2022,7,Monaragala,,
2022,7,Badulla,,
2022,7,Meegoda,,
2022,7,Nikaweratiya,,
2022,7,Nuwara Eliya,,
2022,7,Galle,,
2022,7,Bandarawela,,
2022,7,Dabulla,,
2022,7,Mullathivu,,
2022,7,Polonnaruwa,,
2022,7,Jaffna,,
2022,7,Veyangoda,,
2022,7,Colombo,,
2022,7,Hanguranketha,,
2022,7,Mannar,,
2022,7,Kurunegala,,
2022,7,Matale,,
2022,7,Ampara,,
2022,7,Hambanthota,,
2022,7,Kilinochchi,,
2022,7,Batticaloa,,
2022,7,Dehiattakandiya,,
2022,7,Trinco,,
2022,8,Galenbidunuwewa,,
2022,8,Keppetipola,,
2022,8,Puttalam,,
2022,8,Thabuththegama,,
2022,8,Embilipitiya,,
2022,8,Kandy,,
2022,8,Kaluthara,,
2022,8,Matara,,
2022,8,Vavuniya,,
2022,8,Anuradapuraya,,
2022,8,Gampaha,,
2022,8,Thissamaharama,,
2022,8,Rathnapura,,
2022,8,Kegalle,,
2022,8,Monaragala,,
2022,8,Badulla,,
2022,8,Meegoda,,
2022,8,Nikaweratiya,,
2022,8,Nuwara Eliya,,
2022,8,Galle,,
2022,8,Bandarawela,,
2022,8,Dabulla,,
2022,8,Mullathivu,,
2022,8,Polonnaruwa,,
2022,8,Jaffna,,
2022,8,Veyangoda,,
2022,8,Colombo,,
2022,8,Hanguranketha,,
2022,8,Mannar,,
2022,8,Kurunegala,,
2022,8,Matale,,
2022,8,Ampara,,
2022,8,Hambanthota,,
2022,8,Kilinochchi,,
2022,8,Batticaloa,,
2022,8,Dehiattakandiya,,
2022,8,Trinco,,
2022,9,Galenbidunuwewa,,
2022,9,Keppetipola,,
2022,9,Puttalam,,
2022,9,Thabuththegama,,
2022,9,Embilipitiya,,
2022,9,Kandy,,
2022,9,Kaluthara,,
2022,9,Matara,,
2022,9,Vavuniya,,
2022,9,Anuradapuraya,,
2022,9,Gampaha,,
2022,9,Thissamaharama,,
2022,9,Rathnapura,,
2022,9,Kegalle,,
2022,9,Monaragala,,
2022,9,Badulla,,
2022,9,Meegoda,,
2022,9,Nikaweratiya,,
2022,9,Nuwara Eliya,,
2022,9,Galle,,
2022,9,Bandarawela,,
2022,9,Dabulla,,
2022,9,Mullathivu,,
2022,9,Polonnaruwa,,
2022,9,Jaffna,,
2022,9,Veyangoda,,
2022,9,Colombo,,
2022,9,Hanguranketha,,
2022,9,Mannar,,
2022,9,Kurunegala,,
2022,9,Matale,,
2022,9,Ampara,,
2022,9,Hambanthota,,
2022,9,Kilinochchi,,
2022,9,Batticaloa,,
2022,9,Dehiattakandiya,,
2022,9,Trinco,,
2022,10,Galenbidunuwewa,,
2022,10,Keppetipola,,
2022,10,Puttalam,,
2022,10,Thabuththegama,,
2022,10,Embilipitiya,,
2022,10,Kandy,,
2022,10,Kaluthara,,
2022,10,Matara,,
2022,10,Vavuniya,,
2022,10,Anuradapuraya,,
2022,10,Gampaha,,
2022,10,Thissamaharama,,
2022,10,Rathnapura,,
2022,10,Kegalle,,
2022,10,Monaragala,,
2022,10,Badulla,,
2022,10,Meegoda,,
2022,10,Nikaweratiya,,
2022,10,Nuwara Eliya,,
2022,10,Galle,,
2022,10,Bandarawela,,
2022,10,Dabulla,,
2022,10,Mullathivu,,
2022,10,Polonnaruwa,,
2022,10,Jaffna,,
2022,10,Veyangoda,,
2022,10,Colombo,,
2022,10,Hanguranketha,,
2022,10,Mannar,,
2022,10,Kurunegala,,
2022,10,Matale,,
2022,10,Ampara,,
2022,10,Hambanthota,,
2022,10,Kilinochchi,,
2022,10,Batticaloa,,
2022,10,Dehiattakandiya,,
2022,10,Trinco,,
2022,11,Galenbidunuwewa,,
2022,11,Keppetipola,,
2022,11,Puttalam,,
2022,11,Thabuththegama,,
2022,11,Embilipitiya,,
2022,11,Kandy,,
2022,11,Kaluthara,,
2022,11,Matara,,
2022,11,Vavuniya,,
2022,11,Anuradapuraya,,
2022,11,Gampaha,,
2022,11,Thissamaharama,,
2022,11,Rathnapura,,
2022,11,Kegalle,,
2022,11,Monaragala,,
2022,11,Badulla,,
2022,11,Meegoda,,
2022,11,Nikaweratiya,,
2022,11,Nuwara Eliya,,
2022,11,Galle,,
2022,11,Bandarawela,,
2022,11,Dabulla,,
2022,11,Mullathivu,,
2022,11,Polonnaruwa,,
2022,11,Jaffna,,
2022,11,Veyangoda,,
2022,11,Colombo,,
2022,11,Hanguranketha,,
2022,11,Mannar,,
2022,11,Kurunegala,,
2022,11,Matale,,
2022,11,Ampara,,
2022,11,Hambanthota,,
2022,11,Kilinochchi,,
2022,11,Batticaloa,,
2022,11,Dehiattakandiya,,
2022,11,Trinco,,
2022,12,Galenbidunuwewa,,
2022,12,Keppetipola,,
2022,12,Puttalam,,
2022,12,Thabuththegama,,
2022,12,Embilipitiya,,
2022,12,Kandy,,
2022,12,Kaluthara,,
2022,12,Matara,,
2022,12,Vavuniya,,
2022,12,Anuradapuraya,,
2022,12,Gampaha,,
2022,12,Thissamaharama,,
2022,12,Rathnapura,,
2022,12,Kegalle,,
2022,12,Monaragala,,
2022,12,Badulla,,
2022,12,Meegoda,,
2022,12,Nikaweratiya,,
2022,12,Nuwara Eliya,,
2022,12,Galle,,
2022,12,Bandarawela,,
2022,12,Dabulla,,
2022,12,Mullathivu,,
2022,12,Polonnaruwa,,
2022,12,Jaffna,,
2022,12,Veyangoda,,
2022,12,Colombo,,
2022,12,Hanguranketha,,
2022,12,Mannar,,
2022,12,Kurunegala,,
2022,12,Matale,,
2022,12,Ampara,,
2022,12,Hambanthota,,
2022,12,Kilinochchi,,
2022,12,Batticaloa,,
2022,12,Dehiattakandiya,,
2022,12,Trinco,,
